{"cameraMode":{"drawMode":0,"name":"Shaded","section":"Shading Mode"},"sceneLighting":false,"audioPlay":false,"sceneViewState":{"m_AlwaysRefresh":false,"showFog":true,"showSkybox":false,"showFlares":true,"showImageEffects":true,"showParticleSystems":true,"showVisualEffectGraphs":true,"m_FxEnabled":true},"in2DMode":false,"pivot":{"x":6.803390026092529,"y":0.4039134085178375,"z":145.09864807128907},"rotation":{"x":-0.008296881802380085,"y":-0.5818405747413635,"z":-0.005917700473219156,"w":0.8132681250572205},"size":2.257307529449463,"orthographic":false}