{"cameraMode":{"drawMode":0,"name":"Shaded","section":"Shading Mode"},"sceneLighting":false,"audioPlay":false,"sceneViewState":{"m_AlwaysRefresh":false,"showFog":true,"showSkybox":false,"showFlares":true,"showImageEffects":true,"showParticleSystems":true,"showVisualEffectGraphs":true,"m_FxEnabled":true},"in2DMode":false,"pivot":{"x":9.416084289550782,"y":0.44999998807907107,"z":144.6693572998047},"rotation":{"x":-0.08309410512447357,"y":0.7163864374160767,"z":-0.08660490810871124,"w":-0.6873232126235962},"size":0.8660253882408142,"orthographic":false}